No.,G_N2,G_CO2,G_H2S,G_C1,G_C2,G_C3,G_C4,G_C5,G_C6,G_C7+,TR (℃),O_N2,O_CO2,O_C1,O_C2,O_C3,O_C4,O_C5,O_C6,O_C7+,MWC7+ (g/mol),EM,MMP (MPa),
1,0,100,0,0,0,0,0,0,0,0,42.78,0,0,17.07,6.41,7.82,6.72,2.69,5.19,54.1,222,0,10.34,
2,0,100,0,0,0,0,0,0,0,0,39.44,0.03,3.2,27.81,8.21,5.99,4.41,3.6,4.62,42.13,223,0,13.79,
3,0,100,0,0,0,0,0,0,0,0,54.44,0.83,0.32,28.65,11.29,12.39,7.82,4.49,4.06,30.15,197.4,0,11.03,
4,0,100,0,0,0,0,0,0,0,0,40,0.1,0,24.15,11.46,8.62,3.77,3.05,3.81,45.04,221,0,12.4,
5,0,100,0,0,0,0,0,0,0,0,42.8,0,0.02,17.04,6.9,6.01,4.31,0.97,5.21,59.54,235,0,8.96,
6,9.658,85.757,0,4.563,0.014,0.004,0.003,0.001,0,0,71.11,0.338,0.245,4.067,3.106,4.876,5.67,5.515,5.512,70.671,227.94,0,20.96,
7,0.081,95.016,0,4.892,0.009,0.002,0,0,0,0,71.11,0.338,0.245,4.067,3.106,4.876,5.67,5.515,5.512,70.671,227.94,0,14.48,
8,0,40,40,20,0,0,0,0,0,0,40.6,0.6,0.58,9.9,2.72,4.98,6,5.89,4.85,64.48,206,0,12.06,
9,0,45,45,10,0,0,0,0,0,0,40.6,0.6,0.58,9.9,2.72,4.98,6,5.89,4.85,64.48,206,0,8.83,
10,0,45,45,10,0,0,0,0,0,0,57.2,0.6,0.58,9.9,2.72,4.98,6,5.89,4.85,64.48,206,0,10.38,
11,0,50,50,0,0,0,0,0,0,0,40.6,0.6,0.58,9.9,2.72,4.98,6,5.89,4.85,64.48,206,0,6.55,
12,0,50,50,0,0,0,0,0,0,0,57.2,0.6,0.58,9.9,2.72,4.98,6,5.89,4.85,64.48,206,0,8.97,
13,0,55,25,20,0,0,0,0,0,0,57.2,0.6,0.58,9.9,2.72,4.98,6,5.89,4.85,64.48,206,0,16.45,
14,0,60,20,20,0,0,0,0,0,0,40.6,0.6,0.58,9.9,2.72,4.98,6,5.89,4.85,64.48,206,0,14.07,
15,0,60,20,20,0,0,0,0,0,0,57.2,0.6,0.58,9.9,2.72,4.98,6,5.89,4.85,64.48,206,0,17.24,
16,0,67.5,23,10,0,0,0,0,0,0,57.2,0.6,0.58,9.9,2.72,4.98,6,5.89,4.85,64.48,206,0,12.41,
17,0,68,22,10,0,0,0,0,0,0,40.6,0.6,0.58,9.9,2.72,4.98,6,5.89,4.85,64.48,206,0,10.28,
18,0,75,25,0,0,0,0,0,0,0,57.2,0.6,0.58,9.9,2.72,4.98,6,5.89,4.85,64.48,206,0,10.35,
19,0,75,25,0,0,0,0,0,0,0,40.6,0.6,0.58,9.9,2.72,4.98,6,5.89,4.85,64.48,206,0,7.53,
20,0,80,0,20,0,0,0,0,0,0,40.6,0.6,0.58,9.9,2.72,4.98,6,5.89,4.85,64.48,206,0,14.83,
21,0,80,0,20,0,0,0,0,0,0,57.2,0.6,0.58,9.9,2.72,4.98,6,5.89,4.85,64.48,206,0,18.74,
22,0,80,0,0,20,0,0,0,0,0,65.6,0.89,0.86,33.45,8.81,7.71,5.44,2.94,1.49,38.41,200,0,12.88,
23,0,80,0,20,0,0,0,0,0,0,40.6,0.6,0.58,9.9,2.72,4.98,6,5.89,4.85,64.48,206,0,14.83,
24,0,90,0,10,0,0,0,0,0,0,40.6,0.6,0.58,9.9,2.72,4.98,6,5.89,4.85,64.48,206,0,11.04,
25,0,90,0,10,0,0,0,0,0,0,57.2,0.6,0.58,9.9,2.72,4.98,6,5.89,4.85,64.48,206,0,15.17,
26,0,100,0,0,0,0,0,0,0,0,32.2,0.6,0.58,9.9,2.72,4.98,6,5.89,4.85,64.48,206,0,6.9,
27,0,100,0,0,0,0,0,0,0,0,40.6,0.6,0.58,9.9,2.72,4.98,6,5.89,4.85,64.48,206,0,8.28,
28,0,100,0,0,0,0,0,0,0,0,57.2,0.6,0.58,9.9,2.72,4.98,6,5.89,4.85,64.48,206,0,11.86,
29,0,100,0,0,0,0,0,0,0,0,49,0.89,0.86,33.45,8.81,7.71,5.44,2.94,1.49,38.41,200,0,11.04,
30,0,100,0,0,0,0,0,0,0,0,65.6,0.89,0.86,33.45,8.81,7.71,5.44,2.94,1.49,38.41,200,0,13.45,
31,9.67,85.32,0,4.99,0.01,0,0,0,0,0,54.44,0.11,0.45,25.4,1.09,2.76,3.36,3.03,1.71,62.09,319.7,0,33.78,
32,0.18,95.03,0,4.78,0.01,0,0,0,0,0,54.44,0.11,0.45,25.4,1.09,2.76,3.36,3.03,1.71,62.09,319.7,0,32.06,
33,0,45,0,27,0,28,0,0,0,0,18.55,0.54,0.55,15.94,7.48,5.78,3.2,1.16,6,59.35,240,0,10.48,
34,0,81,0,19,0,0,0,0,0,0,8.95,0.54,0.55,15.94,7.48,5.78,3.2,1.16,6,59.35,240,0,12.51,
35,0,90,0,10,0,0,0,0,0,0,19.15,0.54,0.55,15.94,7.48,5.78,3.2,1.16,6,59.35,240,0,10.79,
36,8,92,0,0,0,0,0,0,0,0,17.15,0.54,0.55,15.94,7.48,5.78,3.2,1.16,6,59.35,240,0,11.65,
37,0,100,0,0,0,0,0,0,0,0,31.05,0.54,0.55,15.94,7.48,5.78,3.2,1.16,6,59.35,240,0,8.1,
38,0,1.05,0,83.21,8.81,4.11,1.4,0,0,0,93.33,0.58,0.32,54.4,8.09,5.82,2.95,2.59,2.39,22.86,209,0,39.99,
39,75,2.9575,0,0,10.3575,6.6575,3.3275,1.3325,0.34,0.0275,82.2,0.01,6.66,32.98,23.16,8.39,4.23,3.1,1.88,19.59,216,1,41.47,
40,75,2.9575,0,0,10.3575,6.6575,3.3275,1.3325,0.34,0.0275,115.6,0.01,6.66,32.98,23.16,8.39,4.23,3.1,1.88,19.59,216,1,41.47,
41,0.3,3.525,0,54.375,19.65,18.65,3.35,0.15,0,0,82.2,0.39,1.41,6.35,7.43,7.13,4.62,4.24,2.67,65.76,281,1,27.23,
42,0.3,3.525,0,54.375,19.65,18.65,3.35,0.15,0,0,115.6,0.39,1.41,6.35,7.43,7.13,4.62,4.24,2.67,65.76,281,1,28.72,
43,0.3,3.525,0,54.375,19.65,18.65,3.35,0.15,0,0,82.2,0.01,6.66,32.98,23.16,8.39,4.23,3.1,1.88,19.59,216,1,22.17,
44,0.3,3.525,0,54.375,19.65,18.65,3.35,0.15,0,0,115.6,0.01,6.66,32.98,23.16,8.39,4.23,3.1,1.88,19.59,216,1,23.89,
45,0.3,3.525,25,54.375,13.65,2.4,0.6,0.15,0,0,82.2,0.39,1.41,6.35,7.43,7.13,4.62,4.24,2.67,65.76,281,1,26.92,
46,0.3,3.525,25,54.375,13.65,2.4,0.6,0.15,0,0,115.6,0.39,1.41,6.35,7.43,7.13,4.62,4.24,2.67,65.76,281,1,30.23,
47,0.3,3.525,25,54.375,13.65,2.4,0.6,0.15,0,0,82.2,0.01,6.66,32.98,23.16,8.39,4.23,3.1,1.88,19.59,216,1,25.55,
48,0.3,3.525,25,54.375,13.65,2.4,0.6,0.15,0,0,115.6,0.01,6.66,32.98,23.16,8.39,4.23,3.1,1.88,19.59,216,1,27.81,
49,0.36,4.23,0,65.25,18.78,9.38,1.82,0.18,0,0,82.2,0.39,1.41,6.35,7.43,7.13,4.62,4.24,2.67,65.76,281,1,30.44,
50,0.36,4.23,0,65.25,18.78,9.38,1.82,0.18,0,0,115.6,0.39,1.41,6.35,7.43,7.13,4.62,4.24,2.67,65.76,281,1,32.16,
51,0.36,4.23,0,65.25,18.78,9.38,1.82,0.18,0,0,82.2,0.01,6.66,32.98,23.16,8.39,4.23,3.1,1.88,19.59,216,1,24.75,
52,0.36,4.23,0,65.25,18.78,9.38,1.82,0.18,0,0,115.6,0.01,6.66,32.98,23.16,8.39,4.23,3.1,1.88,19.59,216,1,26.58,
53,0.36,4.23,10,65.25,16.38,2.88,0.72,0.18,0,0,82.2,0.39,1.41,6.35,7.43,7.13,4.62,4.24,2.67,65.76,281,1,30.44,
54,0.36,4.23,10,65.25,16.38,2.88,0.72,0.18,0,0,115.6,0.39,1.41,6.35,7.43,7.13,4.62,4.24,2.67,65.76,281,1,33.37,
55,0.36,4.23,10,65.25,16.38,2.88,0.72,0.18,0,0,82.2,0.01,6.66,32.98,23.16,8.39,4.23,3.1,1.88,19.59,216,1,25.44,
56,0.36,4.23,10,65.25,16.38,2.88,0.72,0.18,0,0,115.6,0.01,6.66,32.98,23.16,8.39,4.23,3.1,1.88,19.59,216,1,29.44,
57,0.4,4.7,0,72.5,18.2,3.2,0.8,0.2,0,0,82.2,0.39,1.41,6.35,7.43,7.13,4.62,4.24,2.67,65.76,281,1,32.78,
58,0.4,4.7,0,72.5,18.2,3.2,0.8,0.2,0,0,115.6,0.39,1.41,6.35,7.43,7.13,4.62,4.24,2.67,65.76,281,1,35.87,
59,0.4,4.7,0,72.5,18.2,3.2,0.8,0.2,0,0,82.2,0.01,6.66,32.98,23.16,8.39,4.23,3.1,1.88,19.59,216,1,27.51,
60,0.4,4.7,0,72.5,18.2,3.2,0.8,0.2,0,0,115.6,0.01,6.66,32.98,23.16,8.39,4.23,3.1,1.88,19.59,216,1,30.14,
61,0.225,5.325,0,35.9775,25.4925,24.575,6.5,1.5,0.375,0.03,82.2,0.39,1.41,6.35,7.43,7.13,4.62,4.24,2.67,65.76,281,1,17.51,
62,0.225,5.325,0,35.9775,25.4925,24.575,6.5,1.5,0.375,0.03,115.6,0.39,1.41,6.35,7.43,7.13,4.62,4.24,2.67,65.76,281,1,19.68,
63,0.225,5.325,0,35.9775,25.4925,24.575,6.5,1.5,0.375,0.03,82.2,0.01,6.66,32.98,23.16,8.39,4.23,3.1,1.88,19.59,216,1,20.62,
64,0.225,5.325,0,35.9775,25.4925,24.575,6.5,1.5,0.375,0.03,115.6,0.01,6.66,32.98,23.16,8.39,4.23,3.1,1.88,19.59,216,1,21.48,
65,0.225,5.325,25,35.9775,19.4925,8.325,3.75,1.5,0.375,0.03,82.2,0.39,1.41,6.35,7.43,7.13,4.62,4.24,2.67,65.76,281,1,24.13,
66,0.225,5.325,25,35.9775,19.4925,8.325,3.75,1.5,0.375,0.03,115.6,0.39,1.41,6.35,7.43,7.13,4.62,4.24,2.67,65.76,281,1,25.75,
67,0.225,5.325,25,35.9775,19.4925,8.325,3.75,1.5,0.375,0.03,82.2,0.01,6.66,32.98,23.16,8.39,4.23,3.1,1.88,19.59,216,1,23.41,
68,0.225,5.325,25,35.9775,19.4925,8.325,3.75,1.5,0.375,0.03,115.6,0.01,6.66,32.98,23.16,8.39,4.23,3.1,1.88,19.59,216,1,24.61,
69,0.36,5.413,0,65.25,20.523,5.543,2.051,0.713,0.136,0.011,82.2,0.39,1.41,6.35,7.43,7.13,4.62,4.24,2.67,65.76,281,1,31.34,
70,0.36,5.413,0,65.25,20.523,5.543,2.051,0.713,0.136,0.011,115.6,0.39,1.41,6.35,7.43,7.13,4.62,4.24,2.67,65.76,281,1,33.12,
71,0.36,5.413,0,65.25,20.523,5.543,2.051,0.713,0.136,0.011,82.2,0.01,6.66,32.98,23.16,8.39,4.23,3.1,1.88,19.59,216,1,25.79,
72,0.36,5.413,0,65.25,20.523,5.543,2.051,0.713,0.136,0.011,115.6,0.01,6.66,32.98,23.16,8.39,4.23,3.1,1.88,19.59,216,1,27.25,
73,0.27,6.39,0,43.173,25.791,16.49,5.6,1.8,0.45,0.036,82.2,0.39,1.41,6.35,7.43,7.13,4.62,4.24,2.67,65.76,281,1,20.62,
74,0.27,6.39,0,43.173,25.791,16.49,5.6,1.8,0.45,0.036,115.6,0.39,1.41,6.35,7.43,7.13,4.62,4.24,2.67,65.76,281,1,23.37,
75,0.27,6.39,0,43.173,25.791,16.49,5.6,1.8,0.45,0.036,82.2,0.01,6.66,32.98,23.16,8.39,4.23,3.1,1.88,19.59,216,1,22.68,
76,0.27,6.39,0,43.173,25.791,16.49,5.6,1.8,0.45,0.036,115.6,0.01,6.66,32.98,23.16,8.39,4.23,3.1,1.88,19.59,216,1,24.66,
77,0.27,6.39,10,43.173,23.391,9.99,4.5,1.8,0.45,0.036,82.2,0.39,1.41,6.35,7.43,7.13,4.62,4.24,2.67,65.76,281,1,23.41,
78,0.27,6.39,10,43.173,23.391,9.99,4.5,1.8,0.45,0.036,115.6,0.39,1.41,6.35,7.43,7.13,4.62,4.24,2.67,65.76,281,1,25.41,
79,0.27,6.39,10,43.173,23.391,9.99,4.5,1.8,0.45,0.036,82.2,0.01,6.66,32.98,23.16,8.39,4.23,3.1,1.88,19.59,216,1,23.2,
80,0.27,6.39,10,43.173,23.391,9.99,4.5,1.8,0.45,0.036,115.6,0.01,6.66,32.98,23.16,8.39,4.23,3.1,1.88,19.59,216,1,24.24,
81,0.3,6.4825,0,54.375,24.0075,9.0575,3.9275,1.4825,0.34,0.0275,82.2,0.39,1.41,6.35,7.43,7.13,4.62,4.24,2.67,65.76,281,1,26.48,
82,0.3,6.4825,0,54.375,24.0075,9.0575,3.9275,1.4825,0.34,0.0275,115.6,0.39,1.41,6.35,7.43,7.13,4.62,4.24,2.67,65.76,281,1,28.03,
83,0.3,6.4825,0,54.375,24.0075,9.0575,3.9275,1.4825,0.34,0.0275,82.2,0.01,6.66,32.98,23.16,8.39,4.23,3.1,1.88,19.59,216,1,22.68,
84,0.3,6.4825,0,54.375,24.0075,9.0575,3.9275,1.4825,0.34,0.0275,115.6,0.01,6.66,32.98,23.16,8.39,4.23,3.1,1.88,19.59,216,1,24.79,
85,0.31,6.97,0,48.51,26.03,10.46,5.24,1.96,0.52,0,103.3,0.39,1.41,6.35,7.43,7.13,4.62,4.24,2.67,65.76,281,1,26.21,
86,0.3,7.1,0,47.97,25.99,11.1,5,2,0.5,0.04,82.2,0.39,1.41,6.35,7.43,7.13,4.62,4.24,2.67,65.76,281,1,21.13,
87,0.3,7.1,0,47.97,25.99,11.1,5,2,0.5,0.04,115.6,0.39,1.41,6.35,7.43,7.13,4.62,4.24,2.67,65.76,281,1,24.06,
88,0.3,7.1,0,47.97,25.99,11.1,5,2,0.5,0.04,82.2,0.01,6.66,32.98,23.16,8.39,4.23,3.1,1.88,19.59,216,1,22.17,
89,0.3,7.1,0,47.97,25.99,11.1,5,2,0.5,0.04,115.6,0.01,6.66,32.98,23.16,8.39,4.23,3.1,1.88,19.59,216,1,23.97,
90,0.27,7.573,0,43.173,27.534,12.653,5.831,2.333,0.586,0.047,82.2,0.39,1.41,6.35,7.43,7.13,4.62,4.24,2.67,65.76,281,1,20.02,
91,0.27,7.573,0,43.173,27.534,12.653,5.831,2.333,0.586,0.047,115.6,0.39,1.41,6.35,7.43,7.13,4.62,4.24,2.67,65.76,281,1,23.03,
92,0.27,7.573,0,43.173,27.534,12.653,5.831,2.333,0.586,0.047,82.2,0.01,6.66,32.98,23.16,8.39,4.23,3.1,1.88,19.59,216,1,21.65,
93,0.27,7.573,0,43.173,27.534,12.653,5.831,2.333,0.586,0.047,115.6,0.01,6.66,32.98,23.16,8.39,4.23,3.1,1.88,19.59,216,1,23.46,
94,66.75,8.25,0,0,6,16.25,2.75,0,0,0,82.2,0.01,6.66,32.98,23.16,8.39,4.23,3.1,1.88,19.59,216,1,34.58,
95,66.75,8.25,0,0,6,16.25,2.75,0,0,0,115.6,0.01,6.66,32.98,23.16,8.39,4.23,3.1,1.88,19.59,216,1,35.61,
96,0.225,8.2825,0,35.9775,29.85,14.9825,7.0775,2.8325,0.715,0.0575,82.2,0.39,1.41,6.35,7.43,7.13,4.62,4.24,2.67,65.76,281,1,17,
97,0.225,8.2825,0,35.9775,29.85,14.9825,7.0775,2.8325,0.715,0.0575,115.6,0.39,1.41,6.35,7.43,7.13,4.62,4.24,2.67,65.76,281,1,22.57,
98,0.225,8.2825,0,35.9775,29.85,14.9825,7.0775,2.8325,0.715,0.0575,82.2,0.01,6.66,32.98,23.16,8.39,4.23,3.1,1.88,19.59,216,1,19.99,
99,0.225,8.2825,0,35.9775,29.85,14.9825,7.0775,2.8325,0.715,0.0575,115.6,0.01,6.66,32.98,23.16,8.39,4.23,3.1,1.88,19.59,216,1,22.51,
100,80.1,11.083,0,0,4.143,2.663,1.331,0.533,0.136,0.011,82.2,0.01,6.66,32.98,23.16,8.39,4.23,3.1,1.88,19.59,216,1,40.44,
101,80.1,11.083,0,0,4.143,2.663,1.331,0.533,0.136,0.011,115.6,0.01,6.66,32.98,23.16,8.39,4.23,3.1,1.88,19.59,216,1,40.78,
102,66.75,11.2075,0,0,10.3575,6.6575,3.3275,1.3325,0.34,0.0275,82.2,0.01,6.66,32.98,23.16,8.39,4.23,3.1,1.88,19.59,216,1,36.65,
103,66.75,11.2075,0,0,10.3575,6.6575,3.3275,1.3325,0.34,0.0275,115.6,0.01,6.66,32.98,23.16,8.39,4.23,3.1,1.88,19.59,216,1,38.54,
104,4.3,30,0,45.7,20,0,0,0,0,0,84.4,0.39,1.41,6.35,7.43,7.13,4.62,4.24,2.67,65.76,281,1,34.37,
105,4.3,30,0,45.7,20,0,0,0,0,0,115.6,0.39,1.41,6.35,7.43,7.13,4.62,4.24,2.67,65.76,281,1,35.87,
106,4.3,30,0,45.7,20,0,0,0,0,0,82.2,0.01,6.66,32.98,23.16,8.39,4.23,3.1,1.88,19.59,216,1,27.51,
107,4.3,30,0,45.7,20,0,0,0,0,0,115.6,0.01,6.66,32.98,23.16,8.39,4.23,3.1,1.88,19.59,216,1,30.61,
108,0,75,0,0,6,16.25,2.75,0,0,0,82.2,0.39,1.41,6.35,7.43,7.13,4.62,4.24,2.67,65.76,281,1,17.42,
109,0,75,0,0,6,16.25,2.75,0,0,0,115.6,0.39,1.41,6.35,7.43,7.13,4.62,4.24,2.67,65.76,281,1,20.24,
110,0,75,0,0,6,16.25,2.75,0,0,0,82.2,0.01,6.66,32.98,23.16,8.39,4.23,3.1,1.88,19.59,216,1,16.91,
111,0,75,0,0,6,16.25,2.75,0,0,0,115.6,0.01,6.66,32.98,23.16,8.39,4.23,3.1,1.88,19.59,216,1,18.86,
112,0,75,25,0,0,0,0,0,0,0,82.2,0.39,1.41,6.35,7.43,7.13,4.62,4.24,2.67,65.76,281,1,21.2,
113,0,75,25,0,0,0,0,0,0,0,115.6,0.39,1.41,6.35,7.43,7.13,4.62,4.24,2.67,65.76,281,1,23.82,
114,0,75,25,0,0,0,0,0,0,0,82.2,0.01,6.66,32.98,23.16,8.39,4.23,3.1,1.88,19.59,216,1,21.13,
115,0,75,25,0,0,0,0,0,0,0,115.6,0.01,6.66,32.98,23.16,8.39,4.23,3.1,1.88,19.59,216,1,23.37,
116,0,77.9575,0,0,10.3575,6.6575,3.3275,1.3325,0.34,0.0275,82.2,0.39,1.41,6.35,7.43,7.13,4.62,4.24,2.67,65.76,281,1,16.31,
117,0,77.9575,0,0,10.3575,6.6575,3.3275,1.3325,0.34,0.0275,115.6,0.39,1.41,6.35,7.43,7.13,4.62,4.24,2.67,65.76,281,1,21.89,
118,0,77.9575,0,0,10.3575,6.6575,3.3275,1.3325,0.34,0.0275,82.2,0.01,6.66,32.98,23.16,8.39,4.23,3.1,1.88,19.59,216,1,18.03,
119,0,77.9575,0,0,10.3575,6.6575,3.3275,1.3325,0.34,0.0275,115.6,0.01,6.66,32.98,23.16,8.39,4.23,3.1,1.88,19.59,216,1,21.68,
120,0,90,0,0,2.4,6.5,1.1,0,0,0,82.2,0.39,1.41,6.35,7.43,7.13,4.62,4.24,2.67,65.76,281,1,17.86,
121,0,90,0,0,2.4,6.5,1.1,0,0,0,115.6,0.39,1.41,6.35,7.43,7.13,4.62,4.24,2.67,65.76,281,1,23.72,
122,0,90,0,0,2.4,6.5,1.1,0,0,0,82.2,0.01,6.66,32.98,23.16,8.39,4.23,3.1,1.88,19.59,216,1,16.65,
123,0,90,0,0,2.4,6.5,1.1,0,0,0,115.6,0.01,6.66,32.98,23.16,8.39,4.23,3.1,1.88,19.59,216,1,21.3,
124,0,90,10,0,0,0,0,0,0,0,82.2,0.39,1.41,6.35,7.43,7.13,4.62,4.24,2.67,65.76,281,1,22.74,
125,0,90,10,0,0,0,0,0,0,0,115.6,0.39,1.41,6.35,7.43,7.13,4.62,4.24,2.67,65.76,281,1,25.79,
126,0,90,10,0,0,0,0,0,0,0,82.2,0.01,6.66,32.98,23.16,8.39,4.23,3.1,1.88,19.59,216,1,22.37,
127,0,90,10,0,0,0,0,0,0,0,115.6,0.01,6.66,32.98,23.16,8.39,4.23,3.1,1.88,19.59,216,1,24.03,
128,0,91.183,0,0,4.143,2.663,1.331,0.533,0.136,0.011,82.2,0.39,1.41,6.35,7.43,7.13,4.62,4.24,2.67,65.76,281,1,19.34,
129,0,91.183,0,0,4.143,2.663,1.331,0.533,0.136,0.011,115.6,0.39,1.41,6.35,7.43,7.13,4.62,4.24,2.67,65.76,281,1,24.06,
130,0,91.183,0,0,4.143,2.663,1.331,0.533,0.136,0.011,82.2,0.01,6.66,32.98,23.16,8.39,4.23,3.1,1.88,19.59,216,1,19.06,
131,0,91.183,0,0,4.143,2.663,1.331,0.533,0.136,0.011,115.6,0.01,6.66,32.98,23.16,8.39,4.23,3.1,1.88,19.59,216,1,22.75,
132,0,100,0,0,0,0,0,0,0,0,82.2,0.39,1.41,6.35,7.43,7.13,4.62,4.24,2.67,65.76,281,1,21.99,
133,0,100,0,0,0,0,0,0,0,0,115.6,0.39,1.41,6.35,7.43,7.13,4.62,4.24,2.67,65.76,281,1,25.55,
134,0,100,0,0,0,0,0,0,0,0,82.2,0.01,6.66,32.98,23.16,8.39,4.23,3.1,1.88,19.59,216,1,21.34,
135,0,100,0,0,0,0,0,0,0,0,115.6,0.01,6.66,32.98,23.16,8.39,4.23,3.1,1.88,19.59,216,1,25.3,
136,0,93.21,0,6.79,0,0,0,0,0,0,85.65,0.166,0.166,17.195,5.892,4.528,2.333,1.703,0.206,67.811,282,0,25.79,
137,0,100,0,0,0,0,0,0,0,0,85.65,0.166,0.166,17.195,5.892,4.528,2.333,1.703,0.206,67.811,282,0,20.61,
138,0.47,2.25,0,85.34,7.62,2.98,1.01,0.33,0,0,100.6,0.67,0.86,6.63,46.83,6.21,4.25,3.13,2.48,28.94,217.29,0,37.6,
139,0,4.35,0,81.14,10.31,3.32,0.88,0,0,0,120,0,2.13,31.28,7.51,6.93,6.26,4.74,4.37,36.78,201.48,0,33.5,
140,0,4.35,0,81.14,10.31,3.32,0.88,0,0,0,120,0.083,1.824,32.165,7.627,7.221,6.507,5.018,4.085,35.47,208.07,0,29.6,
141,0.48,4.96,0,58.05,17.09,11.97,4.96,1.66,0.53,0.3,101.7,0.18,0.82,22.92,7.21,7.37,6.81,5.85,4.84,44,257.72,0,26.25,
142,0.48,4.96,0,58.05,17.09,11.97,4.96,1.66,0.53,0.3,98.9,0.2,1.34,23.64,8.56,6.68,5.3,4.45,4.03,45.8,254.44,0,22.1,
143,0.47,2.25,0,85.34,7.62,2.98,1.01,0.33,0,0,100.6,0.67,0.86,6.63,46.83,6.21,4.25,3.13,2.48,28.94,217.29,0,23.5,
144,0.19,87.38,0,7.67,0,0,0,4.76,0,0,60,0.73,15.57,23.95,8.71,8.63,6.46,3.09,3.7,29.16,153.9,1,12.71,
145,0.19,87.38,0,7.67,0,0,0,4.76,0,0,80,0.73,15.57,23.95,8.71,8.63,6.46,3.09,3.7,29.16,153.9,1,14.06,
146,0.19,87.38,0,7.67,0,0,0,4.76,0,0,100,0.73,15.57,23.95,8.71,8.63,6.46,3.09,3.7,29.16,153.9,1,15.48,
147,0.19,87.38,0,7.67,0,0,0,4.76,0,0,60,0.13,3.98,13.4,6.61,8.57,7.6,3.84,7.35,48.52,155.9,1,8.85,
148,0.19,87.38,0,7.67,0,0,0,4.76,0,0,80,0.13,3.98,13.4,6.61,8.57,7.6,3.84,7.35,48.52,155.9,1,9.69,
149,0.19,87.38,0,7.67,0,0,0,4.76,0,0,100,0.13,3.98,13.4,6.61,8.57,7.6,3.84,7.35,48.52,155.9,1,10.7,
150,0.19,87.38,0,7.67,0,0,0,4.76,0,0,60,0.27,0.65,11.88,1.06,0.58,0.34,0.51,3.96,80.75,173.8,1,11.99,
151,0.19,87.38,0,7.67,0,0,0,4.76,0,0,80,0.27,0.65,11.88,1.06,0.58,0.34,0.51,3.96,80.75,173.8,1,13.06,
152,0.19,87.38,0,7.67,0,0,0,4.76,0,0,100,0.27,0.65,11.88,1.06,0.58,0.34,0.51,3.96,80.75,173.8,1,13.87,
153,0.19,89.08,0,7.82,0,0,0,2.91,0,0,60,0.73,15.57,23.95,8.71,8.63,6.46,3.09,3.7,29.16,153.9,1,13.01,
154,0.19,89.08,0,7.82,0,0,0,2.91,0,0,80,0.73,15.57,23.95,8.71,8.63,6.46,3.09,3.7,29.16,153.9,1,14.69,
155,0.19,89.08,0,7.82,0,0,0,2.91,0,0,100,0.73,15.57,23.95,8.71,8.63,6.46,3.09,3.7,29.16,153.9,1,16.07,
156,0.19,89.08,0,7.82,0,0,0,2.91,0,0,60,0.13,3.98,13.4,6.61,8.57,7.6,3.84,7.35,48.52,155.9,1,9.16,
157,0.19,89.08,0,7.82,0,0,0,2.91,0,0,80,0.13,3.98,13.4,6.61,8.57,7.6,3.84,7.35,48.52,155.9,1,10.36,
158,0.19,89.08,0,7.82,0,0,0,2.91,0,0,100,0.13,3.98,13.4,6.61,8.57,7.6,3.84,7.35,48.52,155.9,1,11.63,
159,0.19,89.08,0,7.82,0,0,0,2.91,0,0,60,0.27,0.65,11.88,1.06,0.58,0.34,0.51,3.96,80.75,173.8,1,12.62,
160,0.19,89.08,0,7.82,0,0,0,2.91,0,0,80,0.27,0.65,11.88,1.06,0.58,0.34,0.51,3.96,80.75,173.8,1,13.72,
161,0.19,89.08,0,7.82,0,0,0,2.91,0,0,100,0.27,0.65,11.88,1.06,0.58,0.34,0.51,3.96,80.75,173.8,1,14.76,
162,0.2,90.84,0,7.97,0,0,0,0.99,0,0,60,0.73,15.57,23.95,8.71,8.63,6.46,3.09,3.7,29.16,153.9,1,14.11,
163,0.2,90.84,0,7.97,0,0,0,0.99,0,0,80,0.73,15.57,23.95,8.71,8.63,6.46,3.09,3.7,29.16,153.9,1,16.29,
164,0.2,90.84,0,7.97,0,0,0,0.99,0,0,100,0.73,15.57,23.95,8.71,8.63,6.46,3.09,3.7,29.16,153.9,1,17.77,
165,0.2,90.84,0,7.97,0,0,0,0.99,0,0,60,0.13,3.98,13.4,6.61,8.57,7.6,3.84,7.35,48.52,155.9,1,9.85,
166,0.2,90.84,0,7.97,0,0,0,0.99,0,0,80,0.13,3.98,13.4,6.61,8.57,7.6,3.84,7.35,48.52,155.9,1,11.47,
167,0.2,90.84,0,7.97,0,0,0,0.99,0,0,100,0.13,3.98,13.4,6.61,8.57,7.6,3.84,7.35,48.52,155.9,1,13.45,
168,0.2,90.84,0,7.97,0,0,0,0.99,0,0,60,0.27,0.65,11.88,1.06,0.58,0.34,0.51,3.96,80.75,173.8,1,15.18,
169,0.2,90.84,0,7.97,0,0,0,0.99,0,0,80,0.27,0.65,11.88,1.06,0.58,0.34,0.51,3.96,80.75,173.8,1,16.13,
170,0.2,90.84,0,7.97,0,0,0,0.99,0,0,100,0.27,0.65,11.88,1.06,0.58,0.34,0.51,3.96,80.75,173.8,1,16.88,
171,0.2,91.75,0,8.05,0,0,0,0,0,0,60,0.73,15.57,23.95,8.71,8.63,6.46,3.09,3.7,29.16,153.9,1,15.13,
172,0.2,91.75,0,8.05,0,0,0,0,0,0,80,0.73,15.57,23.95,8.71,8.63,6.46,3.09,3.7,29.16,153.9,1,17.15,
173,0.2,91.75,0,8.05,0,0,0,0,0,0,100,0.73,15.57,23.95,8.71,8.63,6.46,3.09,3.7,29.16,153.9,1,18.65,
174,0.2,91.75,0,8.05,0,0,0,0,0,0,60,0.13,3.98,13.4,6.61,8.57,7.6,3.84,7.35,48.52,155.9,1,11.03,
175,0.2,91.75,0,8.05,0,0,0,0,0,0,80,0.13,3.98,13.4,6.61,8.57,7.6,3.84,7.35,48.52,155.9,1,12.69,
176,0.2,91.75,0,8.05,0,0,0,0,0,0,100,0.13,3.98,13.4,6.61,8.57,7.6,3.84,7.35,48.52,155.9,1,14.63,
177,0.2,91.75,0,8.05,0,0,0,0,0,0,60,0.27,0.65,11.88,1.06,0.58,0.34,0.51,3.96,80.75,173.8,1,16.21,
178,0.2,91.75,0,8.05,0,0,0,0,0,0,80,0.27,0.65,11.88,1.06,0.58,0.34,0.51,3.96,80.75,173.8,1,17.24,
179,0.2,91.75,0,8.05,0,0,0,0,0,0,100,0.27,0.65,11.88,1.06,0.58,0.34,0.51,3.96,80.75,173.8,1,18.48,
180,0,100,0,0,0,0,0,0,0,0,66,0.96,0.07,24.05,3.72,4.36,3.38,1.55,0.72,61.19,402.7,0,20,
181,0,100,0,0,0,0,0,0,0,0,106,0.56,0.85,23.59,3.4,2.63,1.01,0.49,3.16,64.32,233,0,26,
182,0.57,0.59,0,57.22,15.06,12.06,7.77,4.17,1.58,0.98,76.11,0.51,0.23,26.03,7.12,6.43,5.2,4.35,4.17,45.96,290,0,31.03,
183,0,100,0,0,0,0,0,0,0,0,90.56,0.73,0.79,39.35,8.22,5.91,3.84,2.78,2.77,35.62,256.14,0,27.68,
184,0,59.66,0,10.3,7.69,9.5,6.79,6.06,0,0,77.25,0.293,0.223,21.657,6.758,7.024,5.554,4.497,4.146,49.848,291,0,15.79,
185,0.03,59.7,0,10.9,7.59,9.4,6.65,5.73,0,0,80.55,0.273,0.323,36.084,8.37,6.998,5.215,4.05,3.39,35.297,262,0,17.1,
186,0,100,0,0,0,0,0,0,0,0,101.6,1.77,0.63,27.12,2.11,0.88,0.73,2.54,0.93,63.29,310,0,31.3,
187,0,100,0,0,0,0,0,0,0,0,99,1.971,0.343,16.739,5.901,3.843,1.696,2.373,1.576,65.558,265,0,22.3,
188,0,100,0,0,0,0,0,0,0,0,108.4,2.129,0.481,24.691,3.718,1.626,0.975,1.978,1.223,63.179,293,0,27.9,
189,0,100,0,0,0,0,0,0,0,0,101.6,1.01,7.17,16.29,2.89,1.29,2.29,1.85,1.63,65.58,275,0,24.1,
190,0,100,0,0,0,0,0,0,0,0,130,0.09,2.52,44.51,9.9,7.5,4.58,2.27,4.73,23.87,269.86,0,24.21,
191,0.29,0.72,0,84.03,7.94,3.54,1.72,0.7,0.25,0.81,83.85,0.17,0.4,42.86,9.43,5.95,3.56,2.68,2.65,32.3,265,0,38.91,
192,0,100,0,0,0,0,0,0,0,0,83.85,0.17,0.4,42.86,9.43,5.95,3.56,2.68,2.65,32.3,265,0,24.4,
193,0,100,0,0,0,0,0,0,0,0,81.85,0.14,0.3,10.76,4.95,6.99,4.97,3.24,2.86,65.79,390.9,0,25.38,
,,,,,,,,,,,,,,,,,,,,,,,,